Date,City,Temp,Product
1-Mar-22,Hyderabad,33,Breakfast
1-Mar-22,Hyderabad,36,Lunch
1-Mar-22,Hyderabad,34,Dinner
2-Mar-22,Hyderabad,32,Breakfast
2-Mar-22,Hyderabad,36,Lunch
2-Mar-22,Hyderabad,35,Dinner
3-Mar-22,Hyderabad,33,Breakfast
3-Mar-22,Hyderabad,38,Lunch
3-Mar-22,Hyderabad,35,Dinner
1-Mar-22,Vizag,36,Breakfast
1-Mar-22,Vizag,34,Lunch
1-Mar-22,Vizag,32,Dinner
2-Mar-22,Vizag,36,Breakfast
2-Mar-22,Vizag,35,Lunch
2-Mar-22,Vizag,35,Dinner
3-Mar-22,Vizag,33,Breakfast
3-Mar-22,Vizag,38,Lunch
3-Mar-22,Vizag,35,Dinner
1-Mar-22,Chennai,33,Breakfast
1-Mar-22,Chennai,38,Lunch
1-Mar-22,Chennai,35,Dinner
2-Mar-22,Chennai,36,Breakfast
2-Mar-22,Chennai,34,Lunch
2-Mar-22,Chennai,32,Dinner
3-Mar-22,Chennai,36,Breakfast
3-Mar-22,Chennai,35,Lunch
3-Mar-22,Chennai,35,Dinner
