Name,Gender,Country,Degree,Age
Shanti,Female,India,Post Graduate,23
Naren,Male,India,Graduate,20
Kumar,Male,India,Graduate,27
Narayan,Male,India,Post Graduate,25
Shiva,Male,India,Graduate,28
Meena,Female,India,Post Graduate,25
Akash,Male,India,Graduate,24
Sandhya,Female,India,Graduate,26
Kumaran,Male,India,Graduate,27
Naren,Male,India,Post Graduate,25
Swarna,Female,India,Post Graduate,28
Srikruti,Female,India,Post Graduate,25
Rus_f01,Female,Russia,Graduate,30
Rus_m01,Male,Russia,Graduate,32
Rus_f02,Female,Russia,Post Graduate,28
Rus_f03,Female,Russia,Graduate,34
Rus_m02,Male,Russia,Graduate,30
Rus_f04,Female,Russia,Post Graduate,36
Rus_m03,Male,Russia,Graduate,26
Usa_f01,Female,Usa,Graduate,24
Usa_m01,Male,Usa,Post Graduate,33
Usa_f02,Female,Usa,Post Graduate,32
Usa_f03,Female,Usa,Post Graduate,30
Usa_m02,Male,Usa,Graduate,27
Usa_f04,Female,Usa,Graduate,30
Usa_m03,Male,Usa,Post Graduate,36
Usa_f011,Female,Usa,Graduate,35
Usa_m012,Male,Usa,Post Graduate,30
Usa_f021,Female,Usa,Graduate,28